Time_Sec,Raw_BPM,BPM_Status,Accel_G,Motion_Status
     6.467,      70,NORMAL    ,   0.910,STILL       
     6.548,      70,NORMAL    ,   0.990,STILL       
     6.573,      70,NORMAL    ,   0.990,STILL       
     6.618,      70,NORMAL    ,   0.980,STILL       
     6.648,      70,NORMAL    ,   0.940,STILL       
     6.708,      70,NORMAL    ,   0.940,STILL       
     6.768,      70,NORMAL    ,   0.940,STILL       
     6.798,      70,NORMAL    ,   0.950,STILL       
     6.858,      70,NORMAL    ,   0.950,STILL       
     6.918,      70,NORMAL    ,   0.960,STILL       
     6.947,      70,NORMAL    ,   0.960,STILL       
     7.007,      70,NORMAL    ,   0.950,STILL       
     7.067,      70,NORMAL    ,   0.970,STILL       
     7.097,      70,NORMAL    ,   0.970,STILL       
     7.158,      70,NORMAL    ,   0.990,STILL       
     7.218,      70,NORMAL    ,   0.970,STILL       
     7.247,      69,NORMAL    ,   0.970,STILL       
     7.308,      69,NORMAL    ,   0.970,STILL       
     7.368,      69,NORMAL    ,   0.970,STILL       
     7.398,      69,NORMAL    ,   0.990,STILL       
     7.459,      69,NORMAL    ,   0.980,STILL       
     7.518,      69,NORMAL    ,   0.980,STILL       
     7.547,      69,NORMAL    ,   0.950,STILL       
     7.608,      69,NORMAL    ,   0.940,STILL       
     7.668,      69,NORMAL    ,   0.940,STILL       
     7.698,      69,NORMAL    ,   0.960,STILL       
     7.757,      69,NORMAL    ,   0.960,STILL       
     7.818,      69,NORMAL    ,   0.970,STILL       
     7.847,      69,NORMAL    ,   0.970,STILL       
     7.908,      69,NORMAL    ,   0.970,STILL       
     7.968,      69,NORMAL    ,   1.000,STILL       
     7.997,      69,NORMAL    ,   1.040,STILL       
     8.058,      69,NORMAL    ,   1.040,STILL       
     8.118,      69,NORMAL    ,   1.210,LOW_MOTION  
     8.147,      69,NORMAL    ,   1.210,LOW_MOTION  
     8.240,      69,NORMAL    ,   1.450,LOW_MOTION  
     8.267,      69,NORMAL    ,   1.280,LOW_MOTION  
     8.298,      67,NORMAL    ,   1.280,LOW_MOTION  
     8.358,      67,NORMAL    ,   0.580,LOW_MOTION  
     8.418,      67,NORMAL    ,   0.500,LOW_MOTION  
     8.447,      67,NORMAL    ,   0.500,LOW_MOTION  
     8.508,      67,NORMAL    ,   0.860,LOW_MOTION  
     8.568,      67,NORMAL    ,   0.860,LOW_MOTION  
     8.598,      67,NORMAL    ,   1.670,HIGH_MOTION 
     8.658,      67,NORMAL    ,   2.210,HIGH_MOTION 
     8.718,      67,NORMAL    ,   2.210,HIGH_MOTION 
     8.747,      67,NORMAL    ,   2.050,HIGH_MOTION 
     8.808,      67,NORMAL    ,   1.440,LOW_MOTION  
     8.868,      67,NORMAL    ,   1.440,LOW_MOTION  
     8.897,      67,NORMAL    ,   0.790,LOW_MOTION  
     8.958,      67,NORMAL    ,   0.790,LOW_MOTION  
     9.020,      67,NORMAL    ,   0.670,LOW_MOTION  
     9.047,      67,NORMAL    ,   0.630,LOW_MOTION  
     9.108,      67,NORMAL    ,   0.630,LOW_MOTION  
     9.168,      67,NORMAL    ,   1.070,STILL       
     9.200,      67,NORMAL    ,   2.160,HIGH_MOTION 
     9.258,      67,NORMAL    ,   2.160,HIGH_MOTION 
     9.318,      67,NORMAL    ,   2.380,HIGH_MOTION 
     9.348,      67,NORMAL    ,   2.380,HIGH_MOTION 
     9.408,      67,NORMAL    ,   1.630,HIGH_MOTION 
     9.468,      67,NORMAL    ,   0.850,LOW_MOTION  
     9.497,      67,NORMAL    ,   0.850,LOW_MOTION  
     9.558,      67,NORMAL    ,   0.530,LOW_MOTION  
     9.618,      67,NORMAL    ,   0.550,LOW_MOTION  
     9.647,      67,NORMAL    ,   0.550,LOW_MOTION  
     9.707,      67,NORMAL    ,   1.090,STILL       
     9.768,      67,NORMAL    ,   1.090,STILL       
     9.798,      67,NORMAL    ,   2.110,HIGH_MOTION 
     9.858,      67,NORMAL    ,   2.450,HIGH_MOTION 
     9.918,      67,NORMAL    ,   2.450,HIGH_MOTION 
     9.947,      67,NORMAL    ,   1.790,HIGH_MOTION 
    10.007,      67,NORMAL    ,   0.920,STILL       
    10.070,      67,NORMAL    ,   0.920,STILL       
    10.098,      67,NORMAL    ,   0.550,LOW_MOTION  
    10.158,      67,NORMAL    ,   0.580,LOW_MOTION  
    10.217,      67,NORMAL    ,   0.580,LOW_MOTION  
    10.248,      67,NORMAL    ,   0.870,LOW_MOTION  
    10.308,      67,NORMAL    ,   0.870,LOW_MOTION  
    10.367,      67,NORMAL    ,   1.810,HIGH_MOTION 
    10.398,      67,NORMAL    ,   2.380,HIGH_MOTION 
    10.458,      67,NORMAL    ,   2.380,HIGH_MOTION 
    10.519,      67,NORMAL    ,   1.880,HIGH_MOTION 
    10.547,      67,NORMAL    ,   1.180,LOW_MOTION  
    10.608,      67,NORMAL    ,   1.180,LOW_MOTION  
    10.668,      67,NORMAL    ,   0.730,LOW_MOTION  
    10.698,      67,NORMAL    ,   0.730,LOW_MOTION  
    10.758,      67,NORMAL    ,   0.590,LOW_MOTION  
    10.818,      67,NORMAL    ,   0.620,LOW_MOTION  
    10.847,      67,NORMAL    ,   0.620,LOW_MOTION  
    10.907,      67,NORMAL    ,   0.980,STILL       
    10.967,      67,NORMAL    ,   1.210,LOW_MOTION  
    10.997,      67,NORMAL    ,   1.210,LOW_MOTION  
    11.057,      67,NORMAL    ,   1.280,LOW_MOTION  
    11.120,      67,NORMAL    ,   1.280,LOW_MOTION  
    11.148,      67,NORMAL    ,   1.190,LOW_MOTION  
    11.208,      67,NORMAL    ,   1.050,STILL       
    11.267,      67,NORMAL    ,   1.050,STILL       
    11.297,      67,NORMAL    ,   1.030,STILL       
    11.357,      67,NORMAL    ,   1.050,STILL       
    11.417,      67,NORMAL    ,   1.050,STILL       
    11.448,      67,NORMAL    ,   1.040,STILL       
    11.508,      67,NORMAL    ,   1.040,STILL       
    11.568,      67,NORMAL    ,   1.100,LOW_MOTION  
    11.598,      67,NORMAL    ,   1.070,STILL       
    11.658,      67,NORMAL    ,   1.070,STILL       
    11.718,      67,NORMAL    ,   0.980,STILL       
    11.747,      67,NORMAL    ,   1.010,STILL       
    11.808,      67,NORMAL    ,   1.010,STILL       
    11.868,      67,NORMAL    ,   1.060,STILL       
    11.897,      67,NORMAL    ,   1.060,STILL       
    11.957,      67,NORMAL    ,   1.040,STILL       
    12.018,      67,NORMAL    ,   0.980,STILL       
    12.047,      67,NORMAL    ,   0.980,STILL       
    12.108,      67,NORMAL    ,   0.950,STILL       
    12.170,      67,NORMAL    ,   0.960,STILL       
    12.198,      67,NORMAL    ,   0.960,STILL       
    12.258,      67,NORMAL    ,   0.990,STILL       
    12.318,      67,NORMAL    ,   0.990,STILL       
    12.347,      67,NORMAL    ,   1.000,STILL       
    12.408,      67,NORMAL    ,   0.990,STILL       
    12.467,      67,NORMAL    ,   0.990,STILL       
    12.498,      67,NORMAL    ,   0.990,STILL       
    12.558,      67,NORMAL    ,   0.990,STILL       
    12.618,      67,NORMAL    ,   0.990,STILL       
    12.647,      67,NORMAL    ,   1.090,STILL       
    12.708,      67,NORMAL    ,   1.090,STILL       
    12.768,      67,NORMAL    ,   1.440,LOW_MOTION  
    12.797,      67,NORMAL    ,   1.580,HIGH_MOTION 
    12.860,      67,NORMAL    ,   1.580,HIGH_MOTION 
    12.918,      67,NORMAL    ,   0.950,STILL       
    12.947,      67,NORMAL    ,   0.300,HIGH_MOTION 
    13.008,      67,NORMAL    ,   0.300,HIGH_MOTION 
    13.068,      67,NORMAL    ,   0.110,HIGH_MOTION 
    13.098,      67,NORMAL    ,   0.110,HIGH_MOTION 
    13.158,      67,NORMAL    ,   0.740,LOW_MOTION  
    13.220,      67,NORMAL    ,   1.290,LOW_MOTION  
    13.248,      67,NORMAL    ,   1.290,LOW_MOTION  
    13.308,      67,NORMAL    ,   1.230,LOW_MOTION  
    13.367,      67,NORMAL    ,   1.190,LOW_MOTION  
    13.398,      67,NORMAL    ,   1.190,LOW_MOTION  
    13.457,      67,NORMAL    ,   1.040,STILL       
    13.517,      67,NORMAL    ,   1.040,STILL       
    13.547,      67,NORMAL    ,   1.040,STILL       
    13.607,      67,NORMAL    ,   1.020,STILL       
    13.667,      67,NORMAL    ,   1.020,STILL       
    13.697,      67,NORMAL    ,   1.010,STILL       
    13.757,      67,NORMAL    ,   1.020,STILL       
    13.818,      67,NORMAL    ,   1.020,STILL       
    13.847,      67,NORMAL    ,   1.010,STILL       
    13.907,      67,NORMAL    ,   1.010,STILL       
    13.967,      67,NORMAL    ,   1.000,STILL       
    13.997,      67,NORMAL    ,   1.010,STILL       
    14.058,      67,NORMAL    ,   1.010,STILL       
    14.117,      67,NORMAL    ,   1.000,STILL       
    14.148,      67,NORMAL    ,   1.000,STILL       
    14.207,      67,NORMAL    ,   1.000,STILL       
    14.270,      67,NORMAL    ,   0.990,STILL       
    14.297,      67,NORMAL    ,   0.990,STILL       
    14.358,      67,NORMAL    ,   0.990,STILL       
    14.417,      67,NORMAL    ,   0.990,STILL       
    14.448,      67,NORMAL    ,   0.990,STILL       
    14.508,      67,NORMAL    ,   0.990,STILL       
    14.568,      67,NORMAL    ,   1.000,STILL       
    14.597,      67,NORMAL    ,   1.000,STILL       
    14.658,      67,NORMAL    ,   1.010,STILL       
    14.717,      67,NORMAL    ,   1.010,STILL       
    14.748,      67,NORMAL    ,   1.010,STILL       
    14.808,      67,NORMAL    ,   1.020,STILL       
    14.868,      67,NORMAL    ,   1.020,STILL       
    14.898,      67,NORMAL    ,   1.020,STILL       
    14.958,      67,NORMAL    ,   1.010,STILL       
    15.018,      67,NORMAL    ,   1.010,STILL       
    15.047,      67,NORMAL    ,   1.130,LOW_MOTION  
    15.108,      67,NORMAL    ,   1.130,LOW_MOTION  
    15.168,      67,NORMAL    ,   1.690,HIGH_MOTION 
    15.197,      67,NORMAL    ,   2.280,HIGH_MOTION 
    15.258,      67,NORMAL    ,   2.280,HIGH_MOTION 
    15.320,      67,NORMAL    ,   1.910,HIGH_MOTION 
    15.348,      67,NORMAL    ,   1.020,STILL       
    15.408,      67,NORMAL    ,   1.020,STILL       
    15.468,      67,NORMAL    ,   0.440,HIGH_MOTION 
    15.498,      67,NORMAL    ,   0.440,HIGH_MOTION 
    15.558,      67,NORMAL    ,   0.310,HIGH_MOTION 
    15.618,      67,NORMAL    ,   0.780,LOW_MOTION  
    15.647,      67,NORMAL    ,   0.780,LOW_MOTION  
    15.708,      67,NORMAL    ,   0.930,STILL       
    15.768,      69,NORMAL    ,   0.930,STILL       
    15.801,      69,NORMAL    ,   0.930,STILL       
    15.858,      69,NORMAL    ,   0.950,STILL       
    15.918,      69,NORMAL    ,   0.950,STILL       
    15.948,      69,NORMAL    ,   0.940,STILL       
    16.008,      69,NORMAL    ,   0.940,STILL       
    16.068,      69,NORMAL    ,   0.940,STILL       
    16.097,      69,NORMAL    ,   0.970,STILL       
    16.157,      69,NORMAL    ,   0.980,STILL       
    16.218,      69,NORMAL    ,   0.980,STILL       
    16.277,      69,NORMAL    ,   0.990,STILL       
    16.337,      69,NORMAL    ,   0.990,STILL       
    16.369,      69,NORMAL    ,   1.000,STILL       
    16.369,      69,NORMAL    ,   1.000,STILL       
    16.457,      69,NORMAL    ,   1.000,STILL       
    16.578,      69,NORMAL    ,   0.990,STILL       
    16.578,      69,NORMAL    ,   0.980,STILL       
    16.607,      69,NORMAL    ,   0.980,STILL       
    16.667,      69,NORMAL    ,   0.890,LOW_MOTION  
    16.697,      69,NORMAL    ,   0.890,LOW_MOTION  
    16.757,      69,NORMAL    ,   0.660,LOW_MOTION  
    16.817,      69,NORMAL    ,   0.440,HIGH_MOTION 
    16.847,      69,NORMAL    ,   0.440,HIGH_MOTION 
    16.908,      69,NORMAL    ,   0.490,HIGH_MOTION 
    16.968,      69,NORMAL    ,   1.190,LOW_MOTION  
    16.998,      69,NORMAL    ,   1.190,LOW_MOTION  
    17.059,      69,NORMAL    ,   1.800,HIGH_MOTION 
    17.118,      69,NORMAL    ,   1.800,HIGH_MOTION 
    17.147,      69,NORMAL    ,   1.560,HIGH_MOTION 
    17.208,      69,NORMAL    ,   1.230,LOW_MOTION  
    17.268,      69,NORMAL    ,   1.230,LOW_MOTION  
    17.299,      69,NORMAL    ,   1.150,LOW_MOTION  
    17.358,      69,NORMAL    ,   1.100,LOW_MOTION  
    17.420,      69,NORMAL    ,   1.100,LOW_MOTION  
    17.448,      69,NORMAL    ,   1.030,STILL       
    17.508,      69,NORMAL    ,   1.030,STILL       
    17.568,      69,NORMAL    ,   1.010,STILL       
    17.599,      69,NORMAL    ,   1.020,STILL       
    17.658,      68,NORMAL    ,   1.020,STILL       
    17.718,      68,NORMAL    ,   1.020,STILL       
    17.747,      68,NORMAL    ,   1.010,STILL       
    17.808,      68,NORMAL    ,   1.010,STILL       
    17.868,      68,NORMAL    ,   0.990,STILL       
    17.898,      68,NORMAL    ,   0.990,STILL       
    17.958,      68,NORMAL    ,   1.200,LOW_MOTION  
    18.048,      68,NORMAL    ,   1.640,HIGH_MOTION 
    18.108,      68,NORMAL    ,   1.860,HIGH_MOTION 
    18.168,      68,NORMAL    ,   1.450,LOW_MOTION  
    18.197,      68,NORMAL    ,   1.450,LOW_MOTION  
    18.258,      68,NORMAL    ,   0.570,LOW_MOTION  
    18.318,      68,NORMAL    ,   0.570,LOW_MOTION  
    18.347,      68,NORMAL    ,   0.330,HIGH_MOTION 
    18.407,      68,NORMAL    ,   0.360,HIGH_MOTION 
    18.468,      68,NORMAL    ,   0.360,HIGH_MOTION 
    18.498,      68,NORMAL    ,   0.480,HIGH_MOTION 
    18.560,      68,NORMAL    ,   1.230,LOW_MOTION  
    18.618,      66,NORMAL    ,   1.230,LOW_MOTION  
    18.648,      66,NORMAL    ,   1.230,LOW_MOTION  
    18.708,      66,NORMAL    ,   1.230,LOW_MOTION  
    18.768,      66,NORMAL    ,   1.240,LOW_MOTION  
    18.798,      66,NORMAL    ,   0.990,STILL       
    18.858,      66,NORMAL    ,   0.990,STILL       
    18.917,      66,NORMAL    ,   0.910,STILL       
    18.950,      66,NORMAL    ,   0.930,STILL       
    19.008,      66,NORMAL    ,   0.930,STILL       
    19.068,      66,NORMAL    ,   1.000,STILL       
    19.098,      66,NORMAL    ,   1.000,STILL       
    19.158,      66,NORMAL    ,   1.050,STILL       
    19.187,      66,NORMAL    ,   1.260,LOW_MOTION  
    19.248,      66,NORMAL    ,   1.260,LOW_MOTION  
    19.308,      66,NORMAL    ,   1.520,HIGH_MOTION 
    19.337,      66,NORMAL    ,   1.320,LOW_MOTION  
    19.399,      66,NORMAL    ,   1.320,LOW_MOTION  
    19.458,      66,NORMAL    ,   0.640,LOW_MOTION  
    19.547,      66,NORMAL    ,   0.420,HIGH_MOTION 
    19.608,      67,NORMAL    ,   0.370,HIGH_MOTION 
    19.668,      67,NORMAL    ,   0.370,HIGH_MOTION 
    19.698,      67,NORMAL    ,   0.630,LOW_MOTION  
    19.758,      67,NORMAL    ,   1.420,LOW_MOTION  
    19.847,      67,NORMAL    ,   2.120,HIGH_MOTION 
    19.908,      67,NORMAL    ,   2.120,HIGH_MOTION 
    20.087,      67,NORMAL    ,   0.690,LOW_MOTION  
    20.147,      67,NORMAL    ,   0.400,HIGH_MOTION 
    20.208,      67,NORMAL    ,   0.400,HIGH_MOTION 
    20.237,      67,NORMAL    ,   0.350,HIGH_MOTION 
    20.298,      67,NORMAL    ,   0.350,HIGH_MOTION 
    20.357,      67,NORMAL    ,   0.990,STILL       
    20.449,      67,NORMAL    ,   1.820,HIGH_MOTION 
    20.507,      67,NORMAL    ,   2.020,HIGH_MOTION 
    20.567,      67,NORMAL    ,   1.550,HIGH_MOTION 
    20.598,      67,NORMAL    ,   1.550,HIGH_MOTION 
    20.657,      67,NORMAL    ,   0.890,LOW_MOTION  
    20.688,      67,NORMAL    ,   0.890,LOW_MOTION  
    20.748,      67,NORMAL    ,   0.590,LOW_MOTION  
    20.808,      67,NORMAL    ,   0.470,HIGH_MOTION 
    20.837,      67,NORMAL    ,   0.470,HIGH_MOTION 
    20.898,      67,NORMAL    ,   0.640,LOW_MOTION  
    20.960,      67,NORMAL    ,   1.190,LOW_MOTION  
    20.989,      67,NORMAL    ,   1.190,LOW_MOTION  
    21.047,      67,NORMAL    ,   1.750,HIGH_MOTION 
    21.108,      67,NORMAL    ,   1.750,HIGH_MOTION 
    21.137,      67,NORMAL    ,   1.750,HIGH_MOTION 
    21.198,      67,NORMAL    ,   1.280,LOW_MOTION  
    21.258,      67,NORMAL    ,   1.280,LOW_MOTION  
    21.287,      67,NORMAL    ,   0.740,LOW_MOTION  
    21.377,      67,NORMAL    ,   0.530,LOW_MOTION  
    21.408,      67,NORMAL    ,   0.530,LOW_MOTION  
    21.468,      67,NORMAL    ,   0.450,HIGH_MOTION 
    21.498,      67,NORMAL    ,   0.450,HIGH_MOTION 
    21.558,      67,NORMAL    ,   0.540,LOW_MOTION  
    21.618,      67,NORMAL    ,   1.190,LOW_MOTION  
    21.648,      67,NORMAL    ,   1.190,LOW_MOTION  
    21.708,      67,NORMAL    ,   1.680,HIGH_MOTION 
    21.737,      67,NORMAL    ,   1.390,LOW_MOTION  
    21.797,      67,NORMAL    ,   1.390,LOW_MOTION  
    21.857,      67,NORMAL    ,   1.040,STILL       
    21.887,      67,NORMAL    ,   1.040,STILL       
    21.947,      67,NORMAL    ,   0.870,LOW_MOTION  
    22.008,      67,NORMAL    ,   0.830,LOW_MOTION  
    22.039,      67,NORMAL    ,   0.830,LOW_MOTION  
    22.097,      67,NORMAL    ,   0.880,LOW_MOTION  
    22.158,      67,NORMAL    ,   0.950,STILL       
    22.188,      67,NORMAL    ,   0.950,STILL       
    22.248,      67,NORMAL    ,   1.010,STILL       
    22.308,      67,NORMAL    ,   1.010,STILL       
    22.337,      67,NORMAL    ,   1.020,STILL       
    22.398,      67,NORMAL    ,   1.010,STILL       
    22.458,      72,NORMAL    ,   1.010,STILL       
    22.518,      72,NORMAL    ,   1.020,STILL       
    22.547,      72,NORMAL    ,   1.000,STILL       
    22.607,      72,NORMAL    ,   1.000,STILL       
    22.638,      72,NORMAL    ,   0.980,STILL       
    22.698,      72,NORMAL    ,   0.980,STILL       
    22.759,      72,NORMAL    ,   0.990,STILL       
    22.787,      72,NORMAL    ,   0.990,STILL       
    22.848,      72,NORMAL    ,   0.990,STILL       
    22.908,      72,NORMAL    ,   0.980,STILL       
    22.938,      72,NORMAL    ,   0.990,STILL       
    22.998,      72,NORMAL    ,   0.990,STILL       
    23.059,      72,NORMAL    ,   1.000,STILL       
    23.089,      72,NORMAL    ,   1.000,STILL       
    23.148,      72,NORMAL    ,   0.990,STILL       
    23.208,      72,NORMAL    ,   0.980,STILL       
    23.237,      72,NORMAL    ,   0.980,STILL       
    23.299,      72,NORMAL    ,   0.980,STILL       
    23.360,      72,NORMAL    ,   0.990,STILL       
    23.418,      74,NORMAL    ,   0.990,STILL       
    23.447,      74,NORMAL    ,   0.990,STILL       
    23.509,      74,NORMAL    ,   0.990,STILL       
    23.537,      74,NORMAL    ,   1.000,STILL       
    23.598,      74,NORMAL    ,   1.000,STILL       
    23.659,      74,NORMAL    ,   1.000,STILL       
    23.720,      74,NORMAL    ,   0.990,STILL       
    23.750,      74,NORMAL    ,   0.970,STILL       
    23.808,      74,NORMAL    ,   0.970,STILL       
    23.837,      74,NORMAL    ,   0.970,STILL       
    23.898,      74,NORMAL    ,   0.970,STILL       
    23.959,      74,NORMAL    ,   0.980,STILL       
    24.034,      74,NORMAL    ,   1.040,STILL       
    24.078,      74,NORMAL    ,   1.040,STILL       
    24.107,      74,NORMAL    ,   1.040,STILL       
    24.139,      74,NORMAL    ,   0.990,STILL       
    24.198,      74,NORMAL    ,   0.990,STILL       
    24.258,      74,NORMAL    ,   0.990,STILL       
    24.287,      74,NORMAL    ,   0.990,STILL       
    24.347,      74,NORMAL    ,   0.980,STILL       
    24.407,      76,NORMAL    ,   0.990,STILL       
    24.468,      76,NORMAL    ,   0.990,STILL       
    24.497,      76,NORMAL    ,   1.010,STILL       
    24.558,      76,NORMAL    ,   1.000,STILL       
    24.588,      76,NORMAL    ,   1.000,STILL       
    24.648,      76,NORMAL    ,   0.990,STILL       
    24.708,      76,NORMAL    ,   0.990,STILL       
    24.738,      76,NORMAL    ,   0.990,STILL       
    24.798,      76,NORMAL    ,   0.990,STILL       
    24.857,      76,NORMAL    ,   0.990,STILL       
    24.888,      76,NORMAL    ,   1.010,STILL       
    24.948,      76,NORMAL    ,   1.000,STILL       
    25.010,      76,NORMAL    ,   1.000,STILL       
    25.041,      76,NORMAL    ,   0.990,STILL       
    25.098,      76,NORMAL    ,   0.990,STILL       
    25.158,      78,NORMAL    ,   0.990,STILL       
    25.188,      78,NORMAL    ,   0.990,STILL       
    25.247,      78,NORMAL    ,   0.990,STILL       
    25.307,      78,NORMAL    ,   0.990,STILL       
    25.337,      78,NORMAL    ,   0.990,STILL       
    25.397,      78,NORMAL    ,   0.990,STILL       
    25.458,      78,NORMAL    ,   0.990,STILL       
    25.487,      78,NORMAL    ,   0.990,STILL       
    25.548,      78,NORMAL    ,   0.990,STILL       
    25.610,      78,NORMAL    ,   0.980,STILL       
    25.638,      78,NORMAL    ,   0.980,STILL       
    25.698,      78,NORMAL    ,   0.980,STILL       
    25.758,      78,NORMAL    ,   0.980,STILL       
    25.790,      78,NORMAL    ,   0.980,STILL       
    25.848,      78,NORMAL    ,   0.980,STILL       
    25.908,      78,NORMAL    ,   0.980,STILL       
    25.937,      78,NORMAL    ,   0.990,STILL       
    25.997,      78,NORMAL    ,   1.000,STILL       
    26.058,      78,NORMAL    ,   1.000,STILL       
    26.087,      79,NORMAL    ,   1.010,STILL       
    26.150,      79,NORMAL    ,   0.990,STILL       
    26.208,      79,NORMAL    ,   0.990,STILL       
    26.237,      79,NORMAL    ,   0.990,STILL       
    26.298,      79,NORMAL    ,   0.990,STILL       
    26.359,      79,NORMAL    ,   1.000,STILL       
    26.387,      79,NORMAL    ,   1.010,STILL       
    26.448,      79,NORMAL    ,   1.010,STILL       
    26.508,      79,NORMAL    ,   1.000,STILL       
    26.537,      79,NORMAL    ,   0.990,STILL       
    26.597,      79,NORMAL    ,   0.990,STILL       
    26.658,      79,NORMAL    ,   0.990,STILL       
    26.687,      79,NORMAL    ,   0.990,STILL       
    26.750,      79,NORMAL    ,   0.990,STILL       
    26.807,      79,NORMAL    ,   1.000,STILL       
    26.838,      79,NORMAL    ,   1.000,STILL       
    26.898,      79,NORMAL    ,   0.990,STILL       
    26.958,      79,NORMAL    ,   0.990,STILL       
    26.987,      79,NORMAL    ,   0.990,STILL       
    27.047,      79,NORMAL    ,   1.000,STILL       
    27.108,      79,NORMAL    ,   1.000,STILL       
    27.137,      79,NORMAL    ,   1.000,STILL       
    27.197,      79,NORMAL    ,   1.000,STILL       
    27.257,      79,NORMAL    ,   1.000,STILL       
    27.317,      79,NORMAL    ,   1.000,STILL       
    27.347,      79,NORMAL    ,   0.990,STILL       
    27.407,      79,NORMAL    ,   0.990,STILL       
    27.438,      79,NORMAL    ,   0.980,STILL       
    27.498,      79,NORMAL    ,   0.980,STILL       
    27.558,      79,NORMAL    ,   0.980,STILL       
    27.587,      79,NORMAL    ,   0.990,STILL       
    27.648,      79,NORMAL    ,   0.990,STILL       
    27.708,      79,NORMAL    ,   1.010,STILL       
    27.737,      79,NORMAL    ,   0.990,STILL       
    27.827,      79,NORMAL    ,   0.990,STILL       
    27.858,      79,NORMAL    ,   0.980,STILL       
    27.887,      81,NORMAL    ,   0.980,STILL       
    27.948,      81,NORMAL    ,   0.980,STILL       
    28.008,      81,NORMAL    ,   1.000,STILL       
    28.038,      81,NORMAL    ,   1.000,STILL       
    28.098,      81,NORMAL    ,   1.030,STILL       
    28.158,      81,NORMAL    ,   1.020,STILL       
    28.187,      81,NORMAL    ,   1.020,STILL       
    28.248,      81,NORMAL    ,   0.990,STILL       
    28.308,      81,NORMAL    ,   0.990,STILL       
    28.368,      81,NORMAL    ,   0.970,STILL       
    28.397,      81,NORMAL    ,   0.970,STILL       
    28.458,      81,NORMAL    ,   0.970,STILL       
    28.487,      81,NORMAL    ,   0.990,STILL       
    28.549,      81,NORMAL    ,   0.990,STILL       
    28.608,      81,NORMAL    ,   0.990,STILL       
    28.637,      81,NORMAL    ,   0.990,STILL       
    28.698,      81,NORMAL    ,   0.990,STILL       
    28.758,      81,NORMAL    ,   0.990,STILL       
    28.787,      81,NORMAL    ,   1.010,STILL       
    28.849,      81,NORMAL    ,   1.010,STILL       
    28.908,      81,NORMAL    ,   1.000,STILL       
    28.937,      81,NORMAL    ,   0.970,STILL       
    28.997,      81,NORMAL    ,   0.970,STILL       
    29.057,      81,NORMAL    ,   0.960,STILL       
    29.087,      81,NORMAL    ,   0.960,STILL       
    29.147,      81,NORMAL    ,   0.950,STILL       
    29.207,      81,NORMAL    ,   0.980,STILL       
    29.267,      81,NORMAL    ,   0.980,STILL       
    29.298,      81,NORMAL    ,   0.990,STILL       
    29.358,      81,NORMAL    ,   0.970,STILL       
    29.388,      81,NORMAL    ,   0.970,STILL       
    29.448,      81,NORMAL    ,   0.990,STILL       
    29.508,      81,NORMAL    ,   0.990,STILL       
    29.537,      81,NORMAL    ,   0.990,STILL       
    29.598,      81,NORMAL    ,   0.990,STILL       
    29.658,      81,NORMAL    ,   0.990,STILL       
    29.687,      81,NORMAL    ,   0.990,STILL       
    29.748,      81,NORMAL    ,   0.990,STILL       
    29.808,      82,NORMAL    ,   0.990,STILL       
    29.837,      82,NORMAL    ,   0.990,STILL       
    29.900,      82,NORMAL    ,   0.990,STILL       
    29.958,      82,NORMAL    ,   0.990,STILL       
    29.988,      82,NORMAL    ,   0.990,STILL       
    30.048,      82,NORMAL    ,   0.990,STILL       
    30.108,      82,NORMAL    ,   0.990,STILL       
    30.138,      82,NORMAL    ,   0.990,STILL       
    30.197,      82,NORMAL    ,   0.990,STILL       
    30.257,      82,NORMAL    ,   1.000,STILL       
    30.287,      82,NORMAL    ,   1.000,STILL       
    30.347,      82,NORMAL    ,   0.990,STILL       
    30.407,      82,NORMAL    ,   0.990,STILL       
    30.437,      82,NORMAL    ,   0.990,STILL       
    30.500,      82,NORMAL    ,   1.000,STILL       
    30.558,      82,NORMAL    ,   1.010,STILL       
    30.587,      82,NORMAL    ,   1.010,STILL       
    30.648,      82,NORMAL    ,   0.990,STILL       
    30.708,      82,NORMAL    ,   0.990,STILL       
    30.738,      82,NORMAL    ,   1.000,STILL       
    30.797,      82,NORMAL    ,   1.020,STILL       
    30.858,      82,NORMAL    ,   1.020,STILL       
    30.887,      82,NORMAL    ,   0.990,STILL       
    30.950,      82,NORMAL    ,   0.980,STILL       
    31.038,      82,NORMAL    ,   0.980,STILL       
    31.040,      82,NORMAL    ,   0.990,STILL       
    31.098,      82,NORMAL    ,   0.990,STILL       
    31.158,      82,NORMAL    ,   0.990,STILL       
    31.218,      82,NORMAL    ,   0.990,STILL       
    31.247,      82,NORMAL    ,   0.990,STILL       
    31.307,      82,NORMAL    ,   0.990,STILL       
    31.337,      82,NORMAL    ,   0.990,STILL       
    31.397,      82,NORMAL    ,   0.990,STILL       
    31.457,      82,NORMAL    ,   0.980,STILL       
    31.487,      82,NORMAL    ,   0.980,STILL       
    31.548,      82,NORMAL    ,   0.990,STILL       
    31.607,      82,NORMAL    ,   1.000,STILL       
    31.638,      84,NORMAL    ,   1.000,STILL       
    31.698,      84,NORMAL    ,   1.010,STILL       
    31.758,      84,NORMAL    ,   1.000,STILL       
    31.788,      84,NORMAL    ,   1.000,STILL       
    31.848,      84,NORMAL    ,   0.990,STILL       
    31.908,      84,NORMAL    ,   0.990,STILL       
    31.937,      84,NORMAL    ,   1.000,STILL       
    32.000,      84,NORMAL    ,   1.010,STILL       
    32.058,      84,NORMAL    ,   1.010,STILL       
    32.118,      84,NORMAL    ,   1.010,STILL       
    32.147,      84,NORMAL    ,   1.010,STILL       
    32.208,      84,NORMAL    ,   1.010,STILL       
    32.268,      84,NORMAL    ,   0.980,STILL       
    32.297,      84,NORMAL    ,   0.980,STILL       
    32.358,      84,NORMAL    ,   0.990,STILL       
    32.388,      84,NORMAL    ,   1.010,STILL       
    32.448,      84,NORMAL    ,   1.010,STILL       
    32.510,      84,NORMAL    ,   1.010,STILL       
    32.537,      84,NORMAL    ,   1.010,STILL       
    32.598,      84,NORMAL    ,   1.010,STILL       
    32.658,      84,NORMAL    ,   0.980,STILL       
    32.687,      84,NORMAL    ,   0.980,STILL       
    32.750,      84,NORMAL    ,   0.980,STILL       
    32.808,      84,NORMAL    ,   0.990,STILL       
    32.837,      84,NORMAL    ,   0.990,STILL       
    32.898,      84,NORMAL    ,   1.010,STILL       
    32.988,      84,NORMAL    ,   1.000,STILL       
    32.990,      84,NORMAL    ,   1.000,STILL       
    33.049,      84,NORMAL    ,   1.010,STILL       
    33.108,      84,NORMAL    ,   1.010,STILL       
    33.168,      84,NORMAL    ,   1.000,STILL       
    33.197,      84,NORMAL    ,   1.020,STILL       
    33.257,      84,NORMAL    ,   1.020,STILL       
    33.288,      84,NORMAL    ,   1.030,STILL       
    33.348,      84,NORMAL    ,   1.020,STILL       
    33.408,      84,NORMAL    ,   1.020,STILL       
    33.437,      84,NORMAL    ,   1.010,STILL       
    33.498,      84,NORMAL    ,   1.010,STILL       
    33.557,      84,NORMAL    ,   0.990,STILL       
    33.588,      84,NORMAL    ,   0.990,STILL       
    33.648,      84,NORMAL    ,   0.990,STILL       
    33.708,      84,NORMAL    ,   1.010,STILL       
    33.738,      84,NORMAL    ,   1.000,STILL       
    33.798,      84,NORMAL    ,   1.000,STILL       
    33.858,      84,NORMAL    ,   0.990,STILL       
    33.918,      84,NORMAL    ,   0.990,STILL       
    33.947,      84,NORMAL    ,   0.990,STILL       
    34.008,      84,NORMAL    ,   0.980,STILL       
    34.067,      84,NORMAL    ,   0.980,STILL       
    34.098,      84,NORMAL    ,   0.980,STILL       
    34.157,      84,NORMAL    ,   0.990,STILL       
    34.187,      84,NORMAL    ,   0.990,STILL       
    34.247,      84,NORMAL    ,   0.990,STILL       
    34.308,      84,NORMAL    ,   0.990,STILL       
    34.338,      84,NORMAL    ,   0.990,STILL       
    34.398,      84,NORMAL    ,   0.990,STILL       
    34.458,      84,NORMAL    ,   0.990,STILL       
    34.487,      84,NORMAL    ,   0.980,STILL       
    34.548,      84,NORMAL    ,   0.980,STILL       
    34.608,      84,NORMAL    ,   0.980,STILL       
    34.637,      84,NORMAL    ,   0.980,STILL       
    34.698,      84,NORMAL    ,   0.980,STILL       
    34.758,      84,NORMAL    ,   0.980,STILL       
    34.787,      84,NORMAL    ,   0.980,STILL       
    34.848,      84,NORMAL    ,   0.980,STILL       
    34.908,      84,NORMAL    ,   0.990,STILL       
    34.938,      84,NORMAL    ,   1.000,STILL       
    34.997,      84,NORMAL    ,   1.000,STILL       
    35.058,      84,NORMAL    ,   1.000,STILL       
    35.118,      84,NORMAL    ,   1.000,STILL       
    35.149,      84,NORMAL    ,   1.000,STILL       
    35.208,      84,NORMAL    ,   1.010,STILL       
    35.237,      84,NORMAL    ,   1.010,STILL       
    35.298,      84,NORMAL    ,   1.000,STILL       
    35.358,      84,NORMAL    ,   0.990,STILL       
    35.387,      84,NORMAL    ,   0.990,STILL       
    35.447,      84,NORMAL    ,   0.990,STILL       
    35.507,      84,NORMAL    ,   0.990,STILL       
    35.537,      84,NORMAL    ,   0.990,STILL       
    35.598,      84,NORMAL    ,   0.990,STILL       
    35.658,      84,NORMAL    ,   0.990,STILL       
    35.687,      84,NORMAL    ,   0.970,STILL       
    35.748,      84,NORMAL    ,   0.950,STILL       
    35.808,      84,NORMAL    ,   0.950,STILL       
    35.837,      84,NORMAL    ,   0.980,STILL       
    35.898,      84,NORMAL    ,   0.980,STILL       
    35.958,      84,NORMAL    ,   0.990,STILL       
    36.017,      84,NORMAL    ,   1.030,STILL       
    36.048,      84,NORMAL    ,   1.030,STILL       
    36.108,      84,NORMAL    ,   1.080,STILL       
    36.137,      84,NORMAL    ,   1.070,STILL       
    36.200,      84,NORMAL    ,   1.070,STILL       
    36.258,      84,NORMAL    ,   1.030,STILL       
    36.287,      84,NORMAL    ,   1.030,STILL       
    36.348,      84,NORMAL    ,   1.010,STILL       
    36.408,      84,NORMAL    ,   0.990,STILL       
    36.437,      84,NORMAL    ,   0.990,STILL       
    36.498,      84,NORMAL    ,   1.000,STILL       
    36.558,      84,NORMAL    ,   1.010,STILL       
    36.587,      84,NORMAL    ,   1.010,STILL       
    36.648,      84,NORMAL    ,   1.000,STILL       
    36.708,      84,NORMAL    ,   1.000,STILL       
    36.737,      84,NORMAL    ,   1.000,STILL       
    36.798,      84,NORMAL    ,   0.990,STILL       
    36.858,      84,NORMAL    ,   0.990,STILL       
    36.888,      84,NORMAL    ,   0.990,STILL       
    36.948,      84,NORMAL    ,   0.990,STILL       
    37.008,      84,NORMAL    ,   0.990,STILL       
    37.068,      84,NORMAL    ,   0.990,STILL       
    37.097,      84,NORMAL    ,   0.990,STILL       
    37.158,      84,NORMAL    ,   0.990,STILL       
    37.187,      84,NORMAL    ,   0.990,STILL       
    37.248,      84,NORMAL    ,   0.990,STILL       
    37.307,      84,NORMAL    ,   0.980,STILL       
    37.337,      84,NORMAL    ,   0.990,STILL       
    37.397,      84,NORMAL    ,   0.990,STILL       
    37.457,      84,NORMAL    ,   0.990,STILL       
    37.487,      84,NORMAL    ,   0.990,STILL       
    37.549,      84,NORMAL    ,   0.990,STILL       
    37.608,      84,NORMAL    ,   0.990,STILL       
    37.637,      84,NORMAL    ,   0.990,STILL       
    37.698,      84,NORMAL    ,   0.990,STILL       
    37.757,      84,NORMAL    ,   0.990,STILL       
    37.788,      84,NORMAL    ,   0.990,STILL       
    37.848,      84,NORMAL    ,   0.990,STILL       
    37.908,      84,NORMAL    ,   0.990,STILL       
    37.967,      84,NORMAL    ,   0.990,STILL       
    37.998,      84,NORMAL    ,   0.980,STILL       
    38.058,      84,NORMAL    ,   0.980,STILL       
    38.087,      84,NORMAL    ,   0.990,STILL       
    38.148,      84,NORMAL    ,   0.990,STILL       
    38.208,      84,NORMAL    ,   0.990,STILL       
    38.237,      84,NORMAL    ,   1.000,STILL       
    38.300,      84,NORMAL    ,   1.000,STILL       
    38.358,      84,NORMAL    ,   0.990,STILL       
    38.387,      84,NORMAL    ,   0.990,STILL       
    38.449,      84,NORMAL    ,   0.990,STILL       
    38.507,      84,NORMAL    ,   0.990,STILL       
    38.537,      84,NORMAL    ,   0.990,STILL       
    38.598,      84,NORMAL    ,   0.990,STILL       
    38.657,      84,NORMAL    ,   0.990,STILL       
    38.687,      84,NORMAL    ,   0.990,STILL       
    38.747,      84,NORMAL    ,   1.000,STILL       
    38.807,      84,NORMAL    ,   1.000,STILL       
    38.837,      84,NORMAL    ,   1.000,STILL       
    38.897,      84,NORMAL    ,   1.010,STILL       
    38.958,      84,NORMAL    ,   1.000,STILL       
    38.987,      84,NORMAL    ,   1.000,STILL       
    39.077,      84,NORMAL    ,   0.990,STILL       
    39.108,      84,NORMAL    ,   0.990,STILL       
    39.137,      84,NORMAL    ,   0.990,STILL       
    39.198,      85,NORMAL    ,   0.990,STILL       
    39.257,      85,NORMAL    ,   0.990,STILL       
    39.287,      85,NORMAL    ,   0.990,STILL       
    39.349,      85,NORMAL    ,   1.000,STILL       
    39.407,      85,NORMAL    ,   1.000,STILL       
    39.437,      85,NORMAL    ,   1.020,STILL       
    39.497,      85,NORMAL    ,   1.020,STILL       
    39.557,      85,NORMAL    ,   1.020,STILL       
    39.587,      85,NORMAL    ,   1.010,STILL       
    39.647,      85,NORMAL    ,   1.010,STILL       
    39.707,      85,NORMAL    ,   0.990,STILL       
    39.737,      85,NORMAL    ,   0.990,STILL       
    39.797,      85,NORMAL    ,   0.990,STILL       
    39.857,      85,NORMAL    ,   0.990,STILL       
    39.917,      85,NORMAL    ,   0.990,STILL       
    39.947,      85,NORMAL    ,   0.990,STILL       
    40.007,      85,NORMAL    ,   0.990,STILL       
    40.037,      85,NORMAL    ,   0.990,STILL       
    40.127,      85,NORMAL    ,   0.990,STILL       
    40.157,      85,NORMAL    ,   0.990,STILL       
    40.187,      85,NORMAL    ,   0.990,STILL       
    40.247,      85,NORMAL    ,   0.990,STILL       
    40.307,      85,NORMAL    ,   0.990,STILL       
    40.337,      85,NORMAL    ,   0.990,STILL       
    40.398,      85,NORMAL    ,   0.990,STILL       
    40.457,      85,NORMAL    ,   0.990,STILL       
    40.487,      85,NORMAL    ,   0.990,STILL       
    40.547,      85,NORMAL    ,   1.010,STILL       
    40.607,      85,NORMAL    ,   1.010,STILL       
    40.637,      85,NORMAL    ,   1.010,STILL       
    40.697,      85,NORMAL    ,   1.010,STILL       
    40.757,      85,NORMAL    ,   0.990,STILL       
    40.818,      85,NORMAL    ,   0.990,STILL       
    40.847,      85,NORMAL    ,   0.990,STILL       
    40.907,      85,NORMAL    ,   0.990,STILL       
    40.937,      85,NORMAL    ,   0.990,STILL       
    40.997,      85,NORMAL    ,   0.990,STILL       
    41.057,      85,NORMAL    ,   0.990,STILL       
    41.087,      85,NORMAL    ,   0.990,STILL       
    41.147,      85,NORMAL    ,   0.990,STILL       
    41.207,      85,NORMAL    ,   0.990,STILL       
    41.237,      85,NORMAL    ,   0.990,STILL       
    41.297,      85,NORMAL    ,   0.990,STILL       
    41.357,      85,NORMAL    ,   0.990,STILL       
    41.387,      85,NORMAL    ,   0.990,STILL       
    41.449,      85,NORMAL    ,   0.990,STILL       
    41.507,      85,NORMAL    ,   0.990,STILL       
    41.537,      85,NORMAL    ,   0.990,STILL       
    41.597,      85,NORMAL    ,   0.990,STILL       
    41.657,      85,NORMAL    ,   0.990,STILL       
    41.687,      85,NORMAL    ,   0.990,STILL       
    41.747,      85,NORMAL    ,   0.990,STILL       
    41.807,      85,NORMAL    ,   0.990,STILL       
    41.867,      85,NORMAL    ,   0.990,STILL       
    41.897,      85,NORMAL    ,   0.990,STILL       
    41.957,      85,NORMAL    ,   0.990,STILL       
    42.124,      85,NORMAL    ,   1.000,STILL       
    42.124,      85,NORMAL    ,   1.000,STILL       
    42.124,      86,MODERATE  ,   0.990,STILL       
